{
  "family": "ws25-ecs-red-taskdef",
  "taskRoleArn": "arn:aws:iam::${AWS_ACCOUNT_ID}:role/ws25-EcsTaskRole",
  "executionRoleArn": "arn:aws:iam::${AWS_ACCOUNT_ID}:role/ws25-EcsTaskExecutionRole",
  "networkMode": "awsvpc",
  "compatibilities": [
      "FARGATE"
  ],
  "requiresCompatibilities": [
      "FARGATE"
  ],
  "cpu": "512",
  "memory": "1024",
  "runtimePlatform": {
      "cpuArchitecture": "X86_64",
      "operatingSystemFamily": "LINUX"
  },
  "containerDefinitions": [
      {
          "name": "log_router",
          "image": "public.ecr.aws/aws-observability/aws-for-fluent-bit:stable",
          "essential": true,
          "user": "0",
          "logConfiguration": {
              "logDriver": "awslogs",
              "options": {
                  "awslogs-group": "firelens",
                  "awslogs-create-group": "true",
                  "awslogs-region": "ap-northeast-2",
                  "awslogs-stream-prefix": "ecs"
              }
          },
          "firelensConfiguration": {
              "type": "fluentbit",
              "options": {
                  "enable-ecs-log-metadata": "true"
              }
          }
      },
      {
          "name": "red",
          "image": "${AWS_ACCOUNT_ID}.dkr.ecr.ap-northeast-2.amazonaws.com/red:v1.0.0",
          "portMappings": [
              {
                  "name": "http",
                  "containerPort": 8080,
                  "protocol": "tcp"
              }
          ],
          "essential": true,
          "secrets": [
              {
                  "name": "DB_URL",
                  "valueFrom": "arn:aws:secretsmanager:ap-northeast-2:${AWS_ACCOUNT_ID}:secret:ws25/secret/key-${SECRET_SUFFIX}:DB_URL::"
              },
              {
                  "name": "DB_USER",
                  "valueFrom": "arn:aws:secretsmanager:ap-northeast-2:${AWS_ACCOUNT_ID}:secret:ws25/secret/key-${SECRET_SUFFIX}:DB_USER::"
              },
              {
                  "name": "DB_PASSWD",
                  "valueFrom": "arn:aws:secretsmanager:ap-northeast-2:${AWS_ACCOUNT_ID}:secret:ws25/secret/key-${SECRET_SUFFIX}:DB_PASSWD::"
              }
          ],
          "logConfiguration": {
              "logDriver": "awsfirelens",
              "options": {
                  "log_group_name": "/ws25/logs/red",
                  "log_stream_name": "Red-$(ecs_task_id)",
                  "region": "ap-northeast-2",
                  "exclude-patterns": "health",
                  "auto_create_group": "true",
                  "Name": "cloudwatch"
              }
          },
          "healthCheck": {
              "command": [
                  "CMD-SHELL",
                  "curl -f http://localhost:8080/health || exit 1"
              ],
              "interval": 30,
              "timeout": 5,
              "retries": 5,
              "startPeriod": 5
          }
      }
  ]
}